-0.91107,0.047051,-0.37681,0.15594,-0.089922,0.18282,-0.081783,-0.082663,0.059762,0.1395
-0.32721,-0.098614,-0.23816,0.026496,-0.17622,0.11872,-0.1087,-0.078867,0.064677,0.16695
-0.81555,-0.12998,-0.31403,0.053691,-0.14032,0.17942,-0.11298,-0.062691,0.081234,0.14524
-0.74762,-0.050052,-0.39146,0.11142,-0.14585,0.18838,-0.098268,-0.083047,0.073703,0.16873
-0.74968,0.018269,-0.3756,0.1008,-0.13825,0.16896,-0.064217,-0.090319,0.078854,0.17243
-0.54277,-0.00033767,-0.33814,0.083649,-0.13071,0.16639,-0.059787,-0.092045,0.068026,0.16639
-0.47611,-0.078264,-0.3095,0.073282,-0.12004,0.16532,-0.081502,-0.083507,0.05504,0.14995
-0.30634,0.015252,-0.25908,0.080686,-0.2258,0.1342,-0.18268,-0.088976,0.048138,0.20072
-0.36437,0.074631,-0.25275,0.086477,-0.22111,0.13206,-0.17761,-0.094165,0.032375,0.19625
-1.1032,-0.26927,-0.31465,0.04186,-0.13496,0.17594,-0.070937,-0.074784,0.13542,0.15597
-0.92548,-0.31992,-0.25963,0.022817,-0.11803,0.148,-0.053067,-0.057514,0.12773,0.1325
-0.88669,-0.076063,-0.16984,-0.00026768,-0.14457,0.12004,-0.08931,-0.07781,0.077911,0.15218
-0.73917,-0.11051,-0.33946,0.05332,-0.12836,0.17561,-0.053166,-0.066315,0.093251,0.15018
-0.93947,0.49793,-0.31095,0.30597,-0.049357,0.13662,-0.096516,-0.037444,-0.047964,0.06842
-1.2029,0.3854,-0.31697,0.27502,-0.026526,0.14677,-0.065024,-0.03404,-0.0087417,0.05209
-0.50387,-0.077116,-0.31464,0.06483,-0.12288,0.16686,-0.047388,-0.072845,0.090426,0.16106
-0.41744,-0.092238,-0.31432,0.083317,-0.097079,0.17248,-0.035834,-0.076961,0.080808,0.14917
-0.18107,-0.034822,-0.31381,0.10358,-0.13709,0.14223,-0.11605,-0.097679,0.029085,0.16656
-0.57852,-0.083597,-0.32865,0.068167,-0.1167,0.18081,-0.042975,-0.074656,0.089579,0.15303
-0.40871,-0.035616,-0.30158,0.056643,-0.10461,0.14339,-0.037362,-0.072939,0.068571,0.14523
-0.28129,-0.032128,-0.25335,0.027244,-0.12616,0.11329,-0.039213,-0.073383,0.065568,0.13641
-0.39795,-0.002855,-0.25862,0.047983,-0.12664,0.13268,-0.053069,-0.0863,0.05605,0.14408
-0.10992,-0.07997,-0.22725,0.049057,-0.17148,0.1015,-0.12769,-0.064215,0.045686,0.15985
-0.84538,0.11005,-0.24381,0.148,-0.14249,0.14982,-0.15717,-0.074226,0.010689,0.15134
-1.3137,-0.24672,-0.11054,-0.054859,-0.15731,0.11316,-0.042953,-0.05486,0.13889,0.12541
-0.77314,0.14331,0.014556,-0.035821,-0.080635,0.068018,-0.048366,-0.059761,0.028279,0.10798
-0.8081,0.093283,-0.38373,0.22097,-0.092417,0.18786,-0.11357,-0.075855,0.033068,0.12151
-0.71553,-0.018779,-0.23422,0.095029,-0.14499,0.1457,-0.11979,-0.070215,0.038081,0.14009
-0.73617,0.12394,-0.40387,0.27407,-0.061912,0.17165,-0.093484,-0.057922,0.030036,0.098176
0.41097,0.74799,-0.2491,0.36833,-0.023115,0.099594,-0.17834,-0.057634,-0.17228,0.079446
0.47453,0.49413,-0.40383,0.46528,-0.015519,0.1499,-0.25886,-0.037479,-0.16541,0.072005
-0.77087,0.71773,-0.15794,0.25421,-0.03523,0.096972,-0.088838,-0.036409,-0.082236,0.061975
0.73294,0.75874,-0.20734,0.38813,-0.020005,0.079042,-0.20165,-0.038094,-0.2102,0.064357
0.089823,0.69086,-0.28207,0.3668,-0.047056,0.09575,-0.14088,-0.053087,-0.12244,0.082434
0.06459,0.85289,-0.22367,0.35996,-0.023517,0.09694,-0.15015,-0.050943,-0.15838,0.068623
-0.23121,0.028253,-0.28265,0.095394,-0.19981,0.12838,-0.16497,-0.086792,0.037958,0.18807
-0.97755,-0.17917,-0.28453,0.062282,-0.16923,0.17004,-0.12614,-0.075802,0.098016,0.15449
-1.4746,-0.069174,-0.31419,0.13233,-0.12589,0.19141,-0.08681,-0.053647,0.099824,0.12553
-0.28328,-0.0080931,-0.24361,0.080085,-0.18438,0.10848,-0.14058,-0.074253,0.043212,0.15849
-0.40159,-0.026007,-0.22823,0.066668,-0.21054,0.12674,-0.17901,-0.079488,0.045485,0.18572
-0.67893,-0.075353,-0.19602,0.061959,-0.18513,0.12658,-0.15412,-0.064405,0.055816,0.15317
-0.62459,-0.095923,-0.21076,0.059107,-0.13776,0.12019,-0.083923,-0.054517,0.076888,0.11977
-1.2074,-0.32527,-0.18814,-0.022713,-0.16572,0.13157,-0.072925,-0.059022,0.14541,0.14436
-1.473,-0.23276,-0.18183,0.0076463,-0.12622,0.13839,-0.04364,-0.057722,0.14333,0.11284
-0.95555,-0.18919,-0.30082,0.10757,-0.10246,0.17285,-0.056633,-0.055724,0.10659,0.10775
-0.80826,-0.17884,-0.35035,0.12438,-0.072492,0.17355,-0.043113,-0.058165,0.10499,0.10708
-0.43585,-0.11469,-0.22625,0.059554,-0.15362,0.13866,-0.11173,-0.071144,0.076428,0.16349
-0.54296,-0.15904,-0.30554,0.05027,-0.1244,0.18134,-0.058152,-0.070373,0.099457,0.16039
-0.40467,-0.1484,-0.30133,0.052627,-0.11377,0.16174,-0.054747,-0.076416,0.088034,0.14684
-0.74095,-0.16264,-0.36484,0.12151,-0.10677,0.1826,-0.044333,-0.076596,0.1067,0.13295
-0.32766,0.0182,-0.28043,0.080319,-0.22417,0.13897,-0.18868,-0.090243,0.042082,0.20268
-0.39528,-0.025596,-0.24721,0.070918,-0.20905,0.13363,-0.17308,-0.086545,0.053486,0.19222
-0.39438,0.036949,-0.24249,0.082505,-0.21702,0.13464,-0.16901,-0.08825,0.041548,0.18679
-0.26408,0.0062856,-0.19013,0.058599,-0.17224,0.097458,-0.14694,-0.072192,0.035072,0.16378
-0.50342,-0.075988,-0.18957,0.053023,-0.18907,0.11055,-0.14882,-0.066117,0.058737,0.15195
-0.56269,-0.24974,-0.13606,-0.024356,-0.17052,0.10031,-0.11841,-0.051896,0.094675,0.14141
-1.0069,-0.073749,-0.22161,0.067261,-0.14594,0.13105,-0.10924,-0.060009,0.059082,0.13433
-0.65394,0.055305,-0.25557,0.17211,-0.05614,0.092316,-0.056722,-0.053245,0.018813,0.066413
-1.2387,-0.20039,-0.12182,-0.01212,-0.1063,0.095229,-0.038154,-0.035083,0.10162,0.10207
-1.3807,-0.28375,-0.13662,-0.030797,-0.13166,0.11982,-0.053955,-0.048264,0.13189,0.11824
-0.064877,0.61419,-0.12872,0.25343,-0.029514,0.074077,-0.14612,-0.02262,-0.12368,0.067087
-0.98572,0.48398,-0.1366,0.19549,-0.03188,0.088044,-0.080845,-0.04222,-0.038901,0.065263
-1.1797,0.097788,-0.216,0.13922,-0.050915,0.11586,-0.052982,-0.048858,0.061106,0.077553
-0.54494,0.5575,-0.23025,0.29033,-0.039678,0.095959,-0.12319,-0.03375,-0.086344,0.067827
0.87314,0.60996,-0.23431,0.36279,-0.037761,0.063237,-0.20509,-0.044096,-0.18576,0.087595
0.47159,0.21892,-0.26549,0.27974,-0.050058,0.06993,-0.16811,-0.053011,-0.083008,0.10456
-0.49518,0.58473,-0.24252,0.26122,-0.040994,0.11908,-0.11151,-0.068615,-0.053742,0.08958
0.23132,0.70188,-0.3315,0.41457,-0.032846,0.11964,-0.19599,-0.061569,-0.13925,0.09203
0.26788,0.67182,-0.052531,0.21648,-0.029269,0.078103,-0.15521,-0.052296,-0.14846,0.075194
0.016073,0.61751,-0.063663,0.16895,-0.04619,0.076086,-0.1176,-0.063437,-0.10001,0.071499
-0.50108,0.535,-0.061932,0.13346,-0.056168,0.097383,-0.084155,-0.055539,-0.057199,0.080756
0.43302,0.68994,-0.19024,0.3214,-0.049533,0.088994,-0.16468,-0.030913,-0.14576,0.072624
-0.83809,0.36434,-0.25675,0.21632,-0.052232,0.1357,-0.10944,-0.070077,0.0011164,0.097374
-1.1629,0.014671,-0.067078,-0.01839,-0.072007,0.094981,-0.040475,-0.050505,0.073951,0.08079
-0.31653,0.17744,0.020745,-0.043344,-0.087139,0.054445,-0.065043,-0.050419,-0.017949,0.097145
0.17648,0.45416,-0.0056436,0.079871,-0.020508,0.051829,-0.091906,-0.053773,-0.088901,0.047186
-0.4092,0.27378,-0.18693,0.15025,-0.035644,0.087453,-0.063033,-0.057687,0.0063996,0.080043
-1.3033,-0.43084,-0.18037,-0.042523,-0.12532,0.12011,-0.036708,-0.044203,0.16843,0.12069
-0.72766,-0.17248,-0.25165,0.073654,-0.11614,0.13338,-0.089744,-0.071177,0.081424,0.13234
-0.61641,-0.1913,-0.32985,0.11868,-0.071984,0.13913,-0.071286,-0.067507,0.079583,0.11501
-0.43632,0.023162,-0.33575,0.1936,-0.05888,0.13624,-0.10938,-0.075686,0.020493,0.11692
-1.1683,-0.33847,-0.23097,0.017046,-0.097042,0.10461,-0.027399,-0.0501,0.13979,0.093037
-1.0304,0.0062524,-0.32177,0.16217,-0.090465,0.13976,-0.069266,-0.059335,0.084999,0.11865
-1.5825,-0.13952,-0.25484,0.072187,-0.11243,0.13961,-0.027993,-0.045057,0.14412,0.10698
-1.3632,0.024178,-0.20572,0.094678,-0.05915,0.094771,-0.013344,-0.03731,0.1087,0.08718
-1.5801,0.033228,-0.16008,0.039044,-0.088212,0.11033,-0.0033672,-0.059003,0.11836,0.097288
-0.37828,0.49842,-0.080147,0.12221,-0.049836,0.091331,-0.087256,-0.049256,-0.054766,0.092202
1.0049,0.48018,-0.060985,0.21285,-0.0089241,0.038414,-0.13561,-0.029857,-0.15728,0.054713
-0.95259,0.16398,-0.13291,0.065118,-0.027003,0.084959,-0.00011914,-0.022205,0.04692,0.043425
-0.1879,0.17876,-0.034573,0.050687,0.016586,0.035707,-0.00082605,-0.01294,-0.01007,0.0022005
-1.0754,-0.091852,-0.15808,0.051637,-0.056778,0.083213,-0.00074697,-0.034503,0.11061,0.063814
-0.75675,-0.19306,-0.18881,0.070088,-0.077298,0.080275,-0.039462,-0.032386,0.083088,0.081483
-0.28338,0.12223,-0.064437,0.057419,-0.019466,0.052482,-0.017299,-0.0065905,0.017582,0.03486
-0.1586,0.4166,0.0050651,0.070883,-0.030783,0.065203,-0.095867,-0.032411,-0.075434,0.060322
-0.92101,-0.15726,-0.37577,0.14373,-0.099119,0.17779,-0.042255,-0.070471,0.10011,0.12947
-0.85281,-0.22369,-0.35314,0.12239,-0.12549,0.1873,-0.09662,-0.069854,0.11205,0.14919
-0.69742,0.2546,-0.38624,0.2925,-0.055462,0.14808,-0.095474,-0.059847,0.017194,0.10297
-0.80989,0.40783,-0.20161,0.19947,-0.048919,0.10566,-0.071465,-0.04352,-0.0019426,0.071624
-0.91405,-0.18324,-0.14892,-0.0042169,-0.18194,0.10873,-0.10804,-0.057756,0.096183,0.14742
-0.51752,-0.1382,-0.16444,0.013307,-0.20635,0.11007,-0.14815,-0.06691,0.06497,0.15351
-0.29575,0.011087,-0.1683,0.062096,-0.18087,0.10081,-0.17836,-0.0683,0.026686,0.13831
-0.64234,0.0030098,-0.24161,0.093972,-0.20298,0.13925,-0.17399,-0.076574,0.0373,0.16429
-0.90476,-0.048458,-0.1825,0.069037,-0.15849,0.10521,-0.12905,-0.062107,0.053427,0.13001
-0.75737,-0.057913,-0.24159,0.080609,-0.22202,0.15147,-0.18962,-0.085148,0.056066,0.18723
-0.84108,-0.18542,-0.13795,0.011008,-0.18,0.11093,-0.12329,-0.052813,0.077329,0.13134
-0.91755,-0.26202,-0.20414,0.0067717,-0.16253,0.12756,-0.10598,-0.061006,0.094258,0.14245
-0.52685,-0.054777,-0.19844,0.06782,-0.15271,0.10713,-0.10926,-0.065891,0.048117,0.13997
-1.5418,-0.36925,-0.085239,-0.077161,-0.10162,0.094267,-0.010568,-0.023591,0.15453,0.078673
-1.4765,-0.33067,-0.078836,-0.090021,-0.12171,0.094218,-0.030473,-0.022781,0.14809,0.092494
-0.36075,0.0068747,-0.20813,0.08251,-0.097243,0.094707,-0.072542,-0.058649,0.01781,0.1242
-1.2771,-0.037909,-0.11426,0.021339,-0.053591,0.09739,-0.032168,-0.0313,0.062458,0.05318
-0.69538,0.20652,-0.078028,0.081248,-0.045546,0.066371,-0.072077,-0.034683,-0.0086846,0.062303
-0.99877,-0.26495,-0.082882,-0.055014,-0.14755,0.085187,-0.080633,-0.037943,0.11088,0.11405
-1.012,-0.27896,-0.071706,-0.057305,-0.12632,0.084735,-0.047243,-0.014892,0.10034,0.090331
-0.36088,-0.22993,-0.10524,-0.01654,-0.14729,0.077633,-0.12324,-0.053453,0.063396,0.10209
-0.36854,-0.19891,-0.18214,0.015468,-0.13869,0.11272,-0.11657,-0.064709,0.071677,0.13929
-0.72559,-0.2564,-0.27494,0.048683,-0.13594,0.16572,-0.080864,-0.068327,0.11749,0.15042
0.41849,0.22729,-0.17542,0.18735,-0.013537,0.094024,-0.16608,0.012679,-0.0719,0.063485
-0.29429,0.33994,-0.30222,0.30237,-0.049063,0.1511,-0.19564,-0.042961,-0.074976,0.098451
0.082371,0.47018,-0.21555,0.26168,-0.13265,0.11403,-0.22446,-0.034115,-0.095115,0.13584
-0.19243,0.034056,-0.37277,0.21388,-0.095707,0.1752,-0.19461,-0.061763,-0.014963,0.13538
0.18944,-0.066674,-0.16381,0.11768,-0.049389,0.11554,-0.089349,-0.014028,-0.0038247,0.060914
0.035816,0.038009,-0.049702,0.0086025,-0.10503,0.076881,-0.092973,-0.043499,-0.014608,0.11068
-0.65418,0.027434,-0.25766,0.12693,-0.19477,0.14179,-0.17405,-0.089347,0.037612,0.17249
-0.21436,0.069112,-0.22152,0.092876,-0.1877,0.11211,-0.17252,-0.087167,0.0053897,0.17702
0.48433,0.21995,-0.34745,0.32359,-0.018301,0.14455,-0.22179,-0.041628,-0.10459,0.098375
0.028811,0.046041,-0.37518,0.26586,-0.032347,0.16676,-0.16171,-0.046275,-0.045013,0.093369
0.19969,0.32556,-0.11889,0.10881,-0.092425,0.080839,-0.14552,-0.059919,-0.093851,0.11146
-0.46386,0.11507,-0.067543,-0.015109,-0.14619,0.090704,-0.098272,-0.07511,0.0033954,0.13717
-0.36785,0.59999,-0.081685,0.14,-0.03549,0.083103,-0.096634,-0.05864,-0.08953,0.069061
0.75628,0.43851,0.036864,0.07458,-0.040754,0.04865,-0.12498,-0.027675,-0.12776,0.065474
0.93681,0.72406,-0.060073,0.24938,-0.012225,0.047446,-0.17092,-0.041461,-0.19118,0.055575
-0.36291,0.26624,-0.34929,0.26066,-0.060987,0.11705,-0.081443,-0.069227,-0.010421,0.10315
-0.16276,0.4143,-0.050423,0.10485,-0.030453,0.078422,-0.054753,-0.010723,-0.051236,0.047342
0.18697,-0.027937,-0.23352,0.15544,-0.06609,0.10583,-0.10659,-0.040034,-0.017806,0.098844
-0.44739,-0.15441,-0.28887,0.10754,-0.11823,0.12798,-0.076099,-0.082252,0.05933,0.13485
-1.0619,-0.23519,-0.31704,0.089848,-0.10239,0.15423,-0.046278,-0.060427,0.11627,0.11394
-0.35536,-0.088756,-0.32292,0.092544,-0.11225,0.16099,-0.067172,-0.086257,0.06578,0.15778
-0.59519,0.0077056,-0.18561,0.046514,-0.1741,0.1152,-0.11855,-0.081886,0.029698,0.15069
-0.74203,-0.17258,-0.25504,0.050686,-0.16787,0.13571,-0.10717,-0.075915,0.081732,0.14619
-0.23375,-0.023815,-0.35203,0.17571,-0.11107,0.14897,-0.13578,-0.068756,0.018995,0.13063
-0.73102,-0.046485,-0.41883,0.21084,-0.076796,0.21295,-0.13281,-0.057676,0.034342,0.11848
-0.55834,-0.060413,-0.41122,0.22032,-0.056538,0.1904,-0.08992,-0.053827,0.047443,0.10123
-1.2949,-0.048276,-0.32333,0.13571,-0.085158,0.15057,-0.044406,-0.054264,0.10884,0.10751
-0.62275,0.28321,-0.38831,0.30037,-0.06222,0.14181,-0.090153,-0.069976,0.0015674,0.099786
-0.61443,-0.081883,-0.4297,0.18801,-0.091448,0.19617,-0.054226,-0.077258,0.079527,0.13704
-0.83161,-0.33874,-0.11522,-0.058933,-0.15837,0.098961,-0.086554,-0.044757,0.11455,0.11508
-1.509,-0.3543,-0.16919,-0.02522,-0.12212,0.12442,-0.032173,-0.037559,0.16003,0.10216
-1.1923,0.36752,-0.21277,0.17632,-0.050348,0.13226,-0.060833,-0.049383,0.028698,0.076232
0.33352,0.78536,-0.21601,0.33799,-0.021787,0.10057,-0.18207,-0.061834,-0.17091,0.07431
-0.12446,0.72572,-0.3119,0.38484,-0.021989,0.12477,-0.15678,-0.056671,-0.11534,0.071732
-0.59944,-0.11463,-0.31713,0.062308,-0.1129,0.16875,-0.065713,-0.064077,0.079461,0.14362
-0.53527,-0.11375,-0.33855,0.090073,-0.11945,0.17829,-0.12478,-0.067463,0.052529,0.13546
-0.40934,-0.072973,-0.29985,0.077131,-0.10764,0.16681,-0.086805,-0.065148,0.037416,0.13022
0.49392,0.2338,-0.36357,0.33351,-0.012651,0.13352,-0.19631,-0.02865,-0.11525,0.075319
-0.10514,-0.030217,-0.23806,0.034026,-0.15246,0.097719,-0.080033,-0.075083,0.045862,0.14909
-0.30963,-0.13749,-0.24616,0.036364,-0.15567,0.12859,-0.088706,-0.078588,0.074795,0.14852
-0.43277,-0.041425,-0.30463,0.06968,-0.10462,0.16157,-0.036947,-0.073014,0.072969,0.14011
-0.54096,-0.14182,-0.31808,0.056965,-0.11908,0.15723,-0.067351,-0.065358,0.077057,0.1452
-0.40876,-0.07357,-0.34201,0.13006,-0.081812,0.17564,-0.12134,-0.056762,0.027276,0.11817
-0.28621,0.71505,-0.19639,0.2801,-0.023172,0.10367,-0.1106,-0.046092,-0.11314,0.063011
-0.44918,0.55128,-0.38127,0.38653,-0.028816,0.14767,-0.13736,-0.050006,-0.08089,0.07605
-0.22774,-0.031839,-0.34187,0.14019,-0.098884,0.16598,-0.1108,-0.076657,0.011341,0.14178
0.88235,0.29485,-0.058866,0.16737,0.0060965,0.0097722,-0.11195,0.014803,-0.12379,0.019799
0.82104,0.44558,-0.16315,0.25157,-0.017261,0.043686,-0.14891,-0.021348,-0.13647,0.047423
-0.77012,0.068054,-0.17449,0.12218,-0.051818,0.090784,-0.076686,-0.01937,0.015338,0.079344
-1.1891,-0.17765,-0.19882,0.021798,-0.14175,0.13478,-0.089106,-0.049154,0.089844,0.12535
-0.45913,-0.053214,-0.18454,0.064714,-0.19977,0.11822,-0.16542,-0.063379,0.036874,0.15118
-1.3301,-0.19479,-0.07324,-0.042273,-0.079514,0.088585,-0.025794,-0.033229,0.10769,0.075286
-0.55303,0.45551,-0.30427,0.27993,-0.051389,0.11853,-0.097348,-0.069276,-0.039394,0.090801
-0.93385,-0.0093385,-0.1566,0.03235,-0.048004,0.074586,-0.016942,-0.035095,0.093669,0.068315
0.025037,0.0059789,0.028437,-0.058976,-0.058762,0.057503,-0.052248,0.00094635,0.016194,0.054657
-0.7363,0.061081,-0.19372,0.11653,-0.14263,0.12075,-0.1501,-0.06915,0.025657,0.1335
-0.75225,0.06314,-0.26274,0.14026,-0.18108,0.15117,-0.17011,-0.085489,0.031746,0.16579
-0.48426,-0.012172,-0.25157,0.10298,-0.20164,0.12672,-0.17329,-0.085915,0.038941,0.17751
0.72375,0.67056,-0.15513,0.29334,-0.013582,0.06798,-0.19246,-0.047806,-0.19409,0.064598
-0.3575,0.50993,-0.15626,0.18969,-0.027861,0.070803,-0.080949,-0.038374,-0.051202,0.052508
-0.80361,-0.071855,-0.16503,0.021342,-0.13821,0.097835,-0.072535,-0.05968,0.068263,0.10392
-1.5275,0.057512,-0.13502,0.071467,-0.080253,0.10876,-0.038507,-0.04007,0.068869,0.088983
-1.0482,0.26657,-0.10137,0.11767,-0.050794,0.071776,-0.035591,-0.022506,-0.0087761,0.061019
-0.91554,0.063723,-0.38101,0.15668,-0.087601,0.1804,-0.078765,-0.079313,0.057786,0.14007
-0.40612,-0.10653,-0.27406,0.027552,-0.17747,0.12737,-0.10554,-0.078155,0.08079,0.17263
-0.8356,-0.11088,-0.31361,0.056381,-0.1409,0.1795,-0.10998,-0.06105,0.083467,0.14615
-0.75328,-0.038865,-0.40057,0.11219,-0.14669,0.18879,-0.097704,-0.081723,0.075624,0.17117
-0.75572,-0.00075369,-0.39062,0.10831,-0.14009,0.18094,-0.072239,-0.088113,0.082409,0.17496
-0.56984,0.012829,-0.34103,0.094314,-0.13316,0.16702,-0.059444,-0.088637,0.070578,0.17112
-0.49028,-0.073482,-0.31111,0.076155,-0.12073,0.16417,-0.078567,-0.077558,0.059598,0.15064
-0.3648,0.0053295,-0.26005,0.080256,-0.2302,0.13538,-0.18059,-0.088762,0.052661,0.2014
-0.447,0.05022,-0.25425,0.082712,-0.22884,0.13879,-0.17204,-0.089325,0.044329,0.19315
-1.0279,-0.25772,-0.32083,0.062685,-0.14106,0.19233,-0.080417,-0.064861,0.12203,0.16817
-0.87563,-0.29714,-0.27902,0.052534,-0.11752,0.14793,-0.052801,-0.065657,0.11182,0.13343
-0.4189,0.052295,-0.14317,0.03728,-0.1302,0.11334,-0.099184,-0.080315,0.026622,0.15911
-0.74805,-0.12029,-0.33821,0.056817,-0.12957,0.1811,-0.052035,-0.064582,0.098005,0.15342
-0.95796,0.52771,-0.30162,0.29828,-0.046415,0.12074,-0.097387,-0.046685,-0.05739,0.063558
-1.1073,0.48379,-0.3079,0.29476,-0.0169,0.13771,-0.072072,-0.040646,-0.039973,0.048789
-0.57882,-0.097197,-0.32857,0.059808,-0.13168,0.17948,-0.047718,-0.069385,0.09077,0.16964
-0.47072,-0.10227,-0.33708,0.086973,-0.10711,0.18383,-0.047111,-0.082993,0.089383,0.16121
-0.22904,-0.026621,-0.3217,0.1017,-0.14266,0.14642,-0.11453,-0.095202,0.031106,0.1767
-0.59665,-0.096202,-0.33305,0.071265,-0.11605,0.1825,-0.039053,-0.070452,0.092353,0.15626
-0.42076,-0.052944,-0.29502,0.063948,-0.11917,0.1512,-0.035884,-0.065399,0.076312,0.14592
-0.43117,-0.022419,-0.28025,0.052012,-0.11534,0.14343,-0.034161,-0.076825,0.078668,0.15277
-0.42749,0.0033969,-0.26985,0.058395,-0.12975,0.12787,-0.05632,-0.083305,0.05902,0.15594
-0.17974,-0.073495,-0.23524,0.022939,-0.18886,0.10346,-0.10887,-0.066074,0.060988,0.1629
-0.84431,0.1033,-0.24003,0.14778,-0.14967,0.15376,-0.16203,-0.067657,0.022926,0.15349
-0.5667,0.048655,-0.054209,-0.030359,-0.15196,0.096269,-0.090355,-0.064651,0.033857,0.14448
-0.32841,0.26096,-0.018281,0.010977,-0.081092,0.075908,-0.079373,-0.072172,-0.019333,0.11814
-0.76259,0.1718,-0.37904,0.24289,-0.08014,0.18685,-0.10829,-0.079424,0.0051509,0.11803
-0.55126,-0.045077,-0.20155,0.062909,-0.16899,0.13425,-0.11789,-0.078737,0.037851,0.14072
-0.59792,0.3339,-0.40881,0.34873,-0.041506,0.162,-0.099668,-0.068135,-0.029478,0.09046
0.49914,0.79031,-0.2376,0.38908,-0.018371,0.093914,-0.178,-0.073135,-0.18931,0.075143
0.60565,0.59802,-0.36534,0.48646,-0.00099196,0.12958,-0.25936,-0.041762,-0.195,0.063118
-0.65897,0.71487,-0.11489,0.22389,-0.035836,0.085074,-0.083439,-0.034382,-0.095806,0.063448
0.7368,0.76294,-0.21043,0.3889,-0.019225,0.063287,-0.19978,-0.043072,-0.21385,0.067664
0.15535,0.82028,-0.23411,0.38152,-0.042557,0.085285,-0.13957,-0.061948,-0.16191,0.084344
0.19452,0.8858,-0.17809,0.33479,-0.016206,0.085378,-0.1408,-0.06286,-0.18438,0.071975
-0.28394,0.048452,-0.2918,0.10979,-0.18736,0.12963,-0.15918,-0.085971,0.032524,0.18431
-0.99519,-0.13733,-0.29655,0.10023,-0.1613,0.1762,-0.13689,-0.06284,0.088294,0.15133
-1.3865,0.0012405,-0.33942,0.17019,-0.13448,0.19655,-0.11671,-0.071422,0.072311,0.13704
-0.31674,-0.01309,-0.24113,0.079701,-0.18155,0.11721,-0.1475,-0.070868,0.044783,0.16583
-0.45862,-0.010843,-0.24747,0.071863,-0.20869,0.13149,-0.18358,-0.082039,0.040118,0.1784
-0.75581,-0.080345,-0.202,0.060738,-0.18804,0.13003,-0.14789,-0.061245,0.058243,0.14867
-0.66241,-0.1228,-0.22446,0.063571,-0.14266,0.12735,-0.084437,-0.062623,0.084792,0.13498
-1.0358,-0.25678,-0.19344,0.0056739,-0.17217,0.13256,-0.10011,-0.064382,0.12303,0.15591
-1.2855,-0.1745,-0.20985,0.057398,-0.12194,0.14334,-0.061082,-0.063593,0.12216,0.1158
-0.98428,-0.11248,-0.31819,0.14309,-0.090867,0.17034,-0.055614,-0.060057,0.094789,0.11211
-0.8048,-0.1192,-0.37257,0.17504,-0.072306,0.17688,-0.050665,-0.067734,0.08324,0.10511
-0.49356,-0.11341,-0.25384,0.064205,-0.15478,0.14865,-0.11094,-0.073314,0.079921,0.16344
-0.60615,-0.1624,-0.3187,0.058309,-0.12454,0.18118,-0.053982,-0.072084,0.10627,0.16386
-0.43254,-0.141,-0.29801,0.076556,-0.11928,0.17427,-0.063517,-0.074949,0.085835,0.14841
-0.76853,-0.15132,-0.37508,0.14527,-0.1074,0.18375,-0.042136,-0.082855,0.099677,0.1348
-0.34671,0.01843,-0.26407,0.082962,-0.22682,0.13568,-0.17767,-0.090058,0.042826,0.19285
-0.45805,-0.026355,-0.24665,0.077106,-0.21602,0.13601,-0.16633,-0.090243,0.058013,0.19006
-0.476,0.024245,-0.24619,0.076964,-0.22401,0.14031,-0.17123,-0.086739,0.048835,0.19031
-0.3251,0.0033988,-0.18471,0.061143,-0.17368,0.10232,-0.14147,-0.069408,0.04227,0.16124
-0.48432,-0.073819,-0.18928,0.058854,-0.19365,0.11179,-0.14947,-0.07091,0.057953,0.15048
-0.49399,-0.2338,-0.13083,-0.013345,-0.16631,0.098475,-0.12024,-0.044314,0.082316,0.14118
-0.71858,0.085893,-0.15226,0.086084,-0.12357,0.10805,-0.10988,-0.064504,0.017892,0.12504
-0.46696,0.11218,-0.20984,0.15635,-0.058911,0.08121,-0.073122,-0.058065,-0.0056795,0.069385
-1.3392,-0.16383,-0.13695,0.014148,-0.12608,0.12205,-0.071266,-0.041769,0.10301,0.11434
-1.3167,-0.24593,-0.13359,-0.026522,-0.14117,0.12022,-0.066337,-0.044525,0.11771,0.12882
0.12044,0.65703,-0.1267,0.27694,-0.028255,0.068291,-0.14396,-0.025817,-0.15149,0.065535
-0.60229,0.63592,-0.13112,0.23082,-0.027122,0.088019,-0.10302,-0.062367,-0.099866,0.076989
-0.85096,0.26593,-0.21662,0.18417,-0.043496,0.1126,-0.069486,-0.083117,-0.0086275,0.093796
-0.24852,0.62526,-0.20666,0.29475,-0.045503,0.094503,-0.14463,-0.042827,-0.11635,0.081047
0.91692,0.60512,-0.18292,0.33599,-0.045116,0.050903,-0.21047,-0.043741,-0.19212,0.094924
0.45673,0.23701,-0.22043,0.25579,-0.052978,0.059084,-0.14213,-0.052048,-0.087659,0.10265
-0.066987,0.68274,-0.18037,0.25851,-0.031218,0.10525,-0.11483,-0.094018,-0.11111,0.10682
0.29417,0.70963,-0.32791,0.43462,-0.018793,0.11655,-0.18683,-0.080635,-0.16056,0.091367
0.23946,0.60675,0.017093,0.13625,-0.038884,0.05889,-0.12608,-0.05862,-0.13751,0.081579
0.070312,0.58282,-0.0072533,0.11841,-0.047267,0.061152,-0.10152,-0.071899,-0.10896,0.08222
0.085783,0.68725,-0.077719,0.22441,-0.050112,0.088044,-0.12856,-0.071074,-0.1302,0.094275
0.48226,0.72957,-0.2234,0.35386,-0.042234,0.08111,-0.17369,-0.05963,-0.16296,0.085775
-0.63628,0.46061,-0.26313,0.24893,-0.040824,0.12851,-0.09083,-0.086963,-0.048439,0.10472
-0.57221,0.156,-0.020664,-0.028591,-0.073688,0.073581,-0.052956,-0.064413,-0.0071606,0.099726
-0.031459,0.28403,0.023781,-0.02576,-0.065977,0.04495,-0.077642,-0.061277,-0.055172,0.091349
0.1698,0.40147,0.060511,-0.00039927,-0.047599,0.039199,-0.087402,-0.060163,-0.080191,0.072205
-0.16361,0.33744,-0.14235,0.15198,-0.047481,0.077775,-0.061901,-0.079844,-0.036534,0.085841
-1.1353,-0.42376,-0.17249,-0.024459,-0.13261,0.11664,-0.043343,-0.04771,0.1433,0.11541
-0.54512,-0.13706,-0.2622,0.086228,-0.10787,0.14418,-0.080625,-0.074719,0.05078,0.13774
-0.58207,-0.18144,-0.31549,0.15935,-0.078294,0.13132,-0.053452,-0.073851,0.066202,0.11022
-0.19609,0.11534,-0.24918,0.15917,-0.065083,0.10829,-0.095155,-0.081961,-0.024388,0.11104
-0.83359,-0.20255,-0.28391,0.11271,-0.092337,0.11212,-0.042686,-0.071804,0.079181,0.099119
-0.97099,0.01441,-0.33395,0.18286,-0.084601,0.14385,-0.065773,-0.073158,0.065956,0.12764
-1.5364,-0.15756,-0.21084,0.045015,-0.109,0.13304,-0.018228,-0.047351,0.13587,0.10359
-1.2167,0.16577,-0.25673,0.14386,-0.060165,0.11572,-0.031447,-0.063687,0.063915,0.093939
-1.3954,0.046055,-0.18775,0.053014,-0.098705,0.12058,-0.021084,-0.070948,0.097062,0.12154
-0.20695,0.54486,-0.060561,0.11166,-0.049494,0.078059,-0.097383,-0.082518,-0.089032,0.094735
0.94358,0.41941,-0.019801,0.15848,-0.0061802,0.032201,-0.11439,-0.034517,-0.15104,0.058452
-0.69201,0.40115,-0.15437,0.11885,-0.029383,0.098044,-0.05068,-0.063018,-0.013706,0.08391
-0.23236,0.21902,-0.013767,0.013625,0.0080147,0.039474,-0.0066586,-0.030077,-0.016474,0.01974
-1.2164,-0.045158,-0.1871,0.083985,-0.07375,0.10229,-0.011835,-0.042234,0.092235,0.082733
-0.61121,0.056144,-0.1822,0.13942,-0.060519,0.087054,-0.049683,-0.037704,0.023023,0.079822
-0.20966,0.12418,-0.064469,0.058231,-0.0085435,0.058165,-0.036587,0.0085829,-0.0029753,0.026489
-0.018948,0.4697,0.047105,0.064341,-0.02725,0.055754,-0.097484,-0.046903,-0.10209,0.061308
-1.0191,-0.12368,-0.40308,0.16926,-0.10657,0.18525,-0.038442,-0.076102,0.10394,0.13918
-0.78154,-0.19925,-0.34694,0.14779,-0.11655,0.18331,-0.099556,-0.071059,0.094345,0.14528
-0.37444,0.37508,-0.38961,0.3482,-0.036997,0.14259,-0.11618,-0.086418,-0.046611,0.10618
-0.49125,0.42041,-0.25328,0.26106,-0.042485,0.11436,-0.082633,-0.066463,-0.045323,0.07001
-0.88957,-0.19155,-0.14222,-0.0093214,-0.18513,0.10735,-0.116,-0.0541,0.093938,0.13852
-0.57095,-0.1617,-0.16456,0.010883,-0.20755,0.10532,-0.14392,-0.061201,0.071159,0.14884
-0.42194,-0.03495,-0.17097,0.054923,-0.19428,0.10708,-0.17411,-0.069007,0.035207,0.14908
-0.67522,-0.010527,-0.24852,0.082362,-0.20467,0.14212,-0.17159,-0.084121,0.04479,0.17247
-0.91282,-0.075238,-0.19473,0.06612,-0.16278,0.12828,-0.13708,-0.05855,0.058727,0.13287
-0.69701,-0.038353,-0.26995,0.094407,-0.21643,0.1597,-0.18863,-0.084244,0.045483,0.18651
-0.8802,-0.20046,-0.14485,0.0071261,-0.18531,0.1111,-0.11881,-0.052767,0.080167,0.13522
-0.89594,-0.23284,-0.20283,0.013867,-0.1707,0.11685,-0.11309,-0.047028,0.086678,0.13161
-0.47045,-0.075449,-0.22247,0.058067,-0.14876,0.11711,-0.11913,-0.060318,0.04212,0.14103
-1.5073,-0.33226,-0.088799,-0.057061,-0.12552,0.10723,-0.02491,-0.039624,0.14084,0.096614
-1.4606,-0.30689,-0.066999,-0.068959,-0.12335,0.10093,-0.02539,-0.020776,0.14186,0.10176
-0.44298,0.034802,-0.18488,0.086653,-0.10963,0.098658,-0.081133,-0.04959,0.013228,0.11102
-1.19,0.023187,-0.089511,0.02597,-0.054626,0.10831,-0.045401,-0.042683,0.037503,0.068356
-0.67712,0.25511,-0.07281,0.08515,-0.0568,0.069566,-0.059119,-0.022999,-0.029287,0.04835
-0.92705,-0.2312,-0.085785,-0.03472,-0.15441,0.091158,-0.086519,-0.032733,0.095269,0.11074
-1.0031,-0.25773,-0.065181,-0.047848,-0.13404,0.069216,-0.051407,-0.026177,0.089914,0.092482
-0.44092,-0.23405,-0.12457,-0.0060688,-0.14597,0.073669,-0.11015,-0.051711,0.059744,0.10039
-0.52177,-0.22316,-0.19241,0.032047,-0.13488,0.12934,-0.10942,-0.058908,0.081661,0.13737
-0.75246,-0.22627,-0.30842,0.079515,-0.13456,0.16859,-0.081873,-0.074095,0.10893,0.15491
0.47688,0.22561,-0.1647,0.21432,-0.02488,0.14039,-0.18421,0.045657,-0.078396,0.060302
-0.34859,0.43038,-0.31234,0.4171,0.11063,0.1434,-0.20565,-0.060893,-0.14448,0.05071
-0.1445,0.70189,-0.071452,0.20491,-0.13653,0.075077,-0.25074,0.02448,-0.081212,0.12597
-0.052075,0.10838,-0.37797,0.25345,-0.091859,0.18077,-0.2131,-0.066818,-0.044593,0.13381
0.11525,-0.046185,-0.14825,0.10053,-0.048051,0.11072,-0.087876,0.0099681,-0.010001,0.070388
0.072117,0.059539,-0.032294,-0.031625,-0.12022,0.046509,-0.095754,-0.043493,-0.017612,0.11729
-0.62606,-0.0013459,-0.25486,0.1191,-0.19945,0.14353,-0.17582,-0.082699,0.04609,0.17379
-0.083523,0.053921,-0.18507,0.066731,-0.18464,0.099605,-0.14887,-0.076957,0.0051625,0.16816
0.50906,0.30488,-0.34719,0.36911,-0.0044515,0.13232,-0.24034,-0.04998,-0.13662,0.092857
-0.035123,0.11234,-0.38843,0.3253,-0.025013,0.16267,-0.17116,-0.047072,-0.065794,0.082764
0.20889,0.25851,-0.060874,0.054783,-0.11526,0.062097,-0.13086,-0.06913,-0.062756,0.11973
-0.062652,0.23736,-0.032281,0.0018171,-0.13121,0.070762,-0.10242,-0.068879,-0.040614,0.1283
-0.15195,0.62303,-0.040771,0.11718,-0.048353,0.086578,-0.096417,-0.072302,-0.10301,0.081038
0.78445,0.42964,0.077121,0.032418,-0.047274,0.045219,-0.11399,-0.025926,-0.12132,0.062435
0.85832,0.70146,-0.01504,0.20596,-0.020384,0.044257,-0.15834,-0.043398,-0.18587,0.064322
-0.15301,0.44029,-0.30405,0.29703,-0.065256,0.10662,-0.084142,-0.078466,-0.061286,0.1008
-0.25154,0.35088,-0.031459,0.069631,-0.039098,0.05494,-0.026444,-0.028804,-0.032386,0.049459
0.28324,0.035568,-0.15983,0.13151,-0.076821,0.094968,-0.11095,-0.025962,-0.051588,0.086366
-0.40557,-0.13017,-0.25549,0.078664,-0.11164,0.10348,-0.069367,-0.08348,0.058777,0.1176
-1.0484,-0.15584,-0.30969,0.12299,-0.106,0.15122,-0.043729,-0.073517,0.090484,0.11635
-0.44194,-0.094751,-0.37266,0.13774,-0.11253,0.16896,-0.065991,-0.094172,0.066733,0.16657
-0.45961,-0.076135,-0.17306,0.0098566,-0.18472,0.10917,-0.10789,-0.074671,0.0328,0.15248
-0.76963,-0.16501,-0.24045,0.043185,-0.1777,0.14208,-0.10543,-0.073157,0.079266,0.16085
-0.37052,-0.031009,-0.34662,0.18204,-0.11552,0.15604,-0.11584,-0.068163,0.017468,0.13755
-0.68763,0.004543,-0.42527,0.23907,-0.078617,0.21583,-0.14762,-0.062758,0.021852,0.11623
-0.5917,-0.026713,-0.42664,0.24697,-0.051013,0.18934,-0.083641,-0.057975,0.031712,0.10539
-1.2669,0.085526,-0.36284,0.20191,-0.076716,0.15531,-0.04541,-0.070297,0.072451,0.1042
-0.61106,0.28851,-0.38998,0.30705,-0.06932,0.14159,-0.079507,-0.081704,-0.0084637,0.10704
-0.67849,-0.071489,-0.45294,0.21555,-0.085238,0.20254,-0.056797,-0.078302,0.076249,0.13847
-0.94666,-0.3284,-0.097636,-0.044511,-0.15886,0.099774,-0.072899,-0.041324,0.11313,0.11149
-1.528,-0.28182,-0.17519,-0.0086302,-0.12319,0.12657,-0.021416,-0.044752,0.14638,0.099353
-0.92371,0.57302,-0.208,0.22145,-0.034337,0.12815,-0.07156,-0.076873,-0.036532,0.085796
0.37965,0.75799,-0.15071,0.27625,-0.026881,0.094879,-0.16469,-0.078014,-0.17389,0.086373
0.31856,0.83632,-0.3,0.44049,-0.0090088,0.11079,-0.17599,-0.070134,-0.18565,0.073967
-0.61671,-0.11894,-0.32556,0.06739,-0.12191,0.17078,-0.073057,-0.068325,0.086951,0.15742
-0.49626,-0.089004,-0.34506,0.10891,-0.099031,0.17147,-0.12776,-0.059899,0.039768,0.1289
-0.47532,-0.069139,-0.31263,0.095473,-0.098339,0.17165,-0.09598,-0.065602,0.043878,0.13347
0.53949,0.38637,-0.34809,0.39614,-0.00035887,0.12256,-0.22187,-0.03903,-0.15651,0.071462
-0.18036,-0.07794,-0.25963,0.026124,-0.15587,0.11472,-0.06095,-0.081377,0.068577,0.15741
-0.39882,-0.17657,-0.27657,0.048084,-0.14403,0.14313,-0.08497,-0.081476,0.08116,0.15273
-0.46039,-0.063316,-0.30705,0.068077,-0.10373,0.16109,-0.029593,-0.07326,0.079008,0.14522
-0.5682,-0.13727,-0.31784,0.063119,-0.13696,0.16331,-0.066976,-0.057634,0.090419,0.14671
-0.44252,-0.058845,-0.33868,0.1437,-0.068754,0.17429,-0.11939,-0.050107,0.024683,0.1072
0.12879,0.79306,-0.16065,0.28019,-0.019494,0.087293,-0.1285,-0.067164,-0.15878,0.072872
-0.31543,0.67019,-0.35656,0.41215,-0.011705,0.14217,-0.14168,-0.063397,-0.12269,0.067995
-0.34113,-0.012908,-0.35642,0.14868,-0.10187,0.17644,-0.10829,-0.084129,0.016618,0.15375
0.89671,0.28937,-0.043238,0.15805,0.0019573,0.012553,-0.09171,0.015606,-0.12545,0.031854
0.80655,0.36747,-0.17633,0.25398,-0.019434,0.054461,-0.14754,-0.024554,-0.12798,0.055841
-0.53186,0.11267,-0.10904,0.13436,-0.032284,0.086157,-0.05737,-0.010223,0.0028744,0.043748
-1.1254,-0.1546,-0.17081,0.027345,-0.14098,0.12611,-0.088766,-0.036025,0.080438,0.11381
-0.41257,-0.059819,-0.17353,0.053361,-0.17758,0.10087,-0.13682,-0.061866,0.040108,0.13179
-1.2101,-0.23455,-0.078581,-0.05457,-0.082325,0.084676,-0.028213,-0.041179,0.088592,0.088233
-0.48906,0.52104,-0.30891,0.30895,-0.042647,0.12854,-0.11192,-0.068706,-0.059279,0.096008
-0.63273,0.062369,-0.24288,0.11833,-0.06074,0.085421,-0.050792,-0.06679,0.032939,0.090557
0.10609,0.085393,0.085317,-0.079048,-0.062896,0.037611,-0.053696,-9.2827e-05,-0.0021506,0.038981
-0.74903,0.021682,-0.22122,0.1058,-0.15509,0.12766,-0.15285,-0.064385,0.033581,0.14566
-0.722,0.061772,-0.26858,0.14682,-0.17925,0.16109,-0.17348,-0.081211,0.036145,0.16303
-0.47114,-0.06712,-0.24415,0.07847,-0.20901,0.12815,-0.16661,-0.077942,0.052061,0.18302
0.75712,0.63719,-0.058924,0.2114,-0.030801,0.062681,-0.17686,-0.056595,-0.18245,0.080796
-0.064113,0.62449,-0.11115,0.21533,-0.025356,0.070926,-0.089431,-0.05655,-0.09477,0.061061
-0.74409,-0.07442,-0.14482,-0.0076479,-0.12227,0.086814,-0.062039,-0.041496,0.063622,0.11145
-1.2462,0.1724,-0.14298,0.10476,-0.073001,0.11167,-0.061568,-0.047547,0.018906,0.09489
-1.0295,0.31318,-0.11672,0.1317,-0.061289,0.083481,-0.064424,-0.031241,-0.021877,0.074335
